Dt,Close,Close_lag_5,Close_lag_10,Close_lag_20,Close_lag_40,XLK_lag_5,XLK_lag_10,XLK_lag_20,XLK_lag_40,XLRE_lag_5,XLRE_lag_10,XLRE_lag_20,XLRE_lag_40,XLV_lag_5,XLV_lag_10,XLV_lag_20,XLV_lag_40,next_day_return
2018-02-26,277.9,0.017538720662004126,0.06271510516252388,-0.03028822667318032,0.03957803381714786,0.032450133968442874,0.09176766881788123,0.002457002457002533,0.08071050171392935,0.004237288135593209,0.023928215353938187,-0.041977611940298476,-0.058374083129584364,0.011708230886313009,0.052496954933008544,-0.05604107493991706,0.04020705429156135,-0.012486505937387427
2018-02-27,274.43,0.011164333087693601,0.034257933217758385,-0.03600533932836869,0.02448949117109045,0.021118381915526507,0.06169785062625621,0.0014585764294048342,0.06797324622802914,-0.007243990780375409,-0.0006629101756713274,-0.051588549858446076,-0.08386508659981762,0.012312063454480882,0.031857125618438564,-0.06331471135940414,0.02788796730376264,-0.010130087818387312
2018-02-28,271.65,0.005924828735419219,0.021240601503759393,-0.035881601362862114,0.01794948662219875,0.020356234096692072,0.051519358321764575,0.003385340005887638,0.06598905394839716,0.010063737001006379,-0.009213557091148461,-0.04895767530006323,-0.08591378263509408,0.0002377555872563608,0.014590618593994797,-0.05852075640595278,0.01765844218674406,-0.014540769372354045
2018-03-01,267.7,-0.009985207100591698,-0.007010645795467174,-0.05037247250798149,-0.00398109908099864,0.0022424876663178495,0.015449863677673648,-0.020598977355734016,0.03552672227371034,-0.006301824212271878,-0.007947019867549643,-0.07273290003095023,-0.08519083969465646,-0.014168353375401788,-0.012757839513532931,-0.06015891032917142,-0.009687836383207804,0.005155024280911524
2018-03-02,269.08,-0.020494339485275348,-0.014467274658462426,-0.04439235741174796,-0.005139202129626375,-0.008932493776541262,0.005945303210463715,-0.012115019705152497,0.03676470588235303,-0.0273615635179153,-0.020341207349081403,-0.05863808322824715,-0.08852258852258843,-0.019805461150826154,-0.013679245283018782,-0.05094746397367522,-0.009122141926312,0.011557900995986303
2018-03-05,272.19,-0.020546959337891302,-0.0033686060561679554,-0.01183517879832996,0.0021354147490886266,-0.014273356401384052,0.017713605239654706,0.028429602888086603,0.04206675811614091,-0.017202207075624698,-0.01303780964797907,-0.03443877551020402,-0.05962732919254665,-0.023261196620761426,-0.011825313195176101,-0.028656922545747476,-0.0015379155329467986,0.0025349939380578945
2018-03-06,272.88,-0.005648070546223072,0.005453205600589595,0.03391050657371264,-0.0019749835418039208,-0.002039032915817085,0.01903628792385481,0.07566718995290422,0.03348416289592748,0.008291873963515828,0.0009878169245964852,-0.004909983633387904,-0.057948559033157876,-0.014384282540053861,-0.0022493192849531995,0.01493256262042375,-0.01137829912023458,-0.00036646144825569493
2018-03-07,272.78,0.004159764402724031,0.010109239029809203,0.0135622190019693,-0.0041617990654206904,0.010708522810620513,0.03128274210447546,0.05142682740729443,0.0353117956423743,0.013948854201262018,0.024152968802415353,0.0013119055428010284,-0.060326254232071386,0.006774423579748001,0.007013789824060757,0.008932825154835733,-0.0027077937367554483,0.004839064447540231
2018-03-08,274.1,0.023907358983937366,0.013683431952662861,0.024022116785594294,-0.0016026808479638888,0.03221957040572776,0.034534310061294704,0.0697171123821303,0.04248267550467011,0.02703604806408544,0.02056384742951911,0.013838550247116999,-0.042029887920298825,0.02995169082125604,0.015358971306107971,0.016932983544001967,-0.007679776588317422,0.017402407880335646
2018-03-09,278.87,0.03638323175263869,0.015143241964253207,0.08244381477312435,0.01732817744053694,0.041814420803782504,0.032508419973641844,0.13707466537655222,0.06591080876795163,0.037173476222370994,0.008794788273615683,0.053401360544217624,-0.02055660974067053,0.03431372549019618,0.01382866518223369,0.06868437306979613,0.008392586548548797,-0.0012550650840894573
2018-03-12,278.52,0.023255813953488413,0.0022310183519251847,0.06508604206500945,0.008691873098652714,0.03451806347813369,0.019752018454440634,0.11333228396033368,0.06489009334537799,0.02774108322324964,0.01006166828951649,0.03423064140910603,-0.00954805856142582,0.02061611374407568,-0.0031246383520425747,0.04920828258221688,-0.0002321262766944443,-0.006462731581214798
2018-03-13,276.72,0.014072119613016909,0.00834456874248457,0.04288836963895393,-0.0043177892918825345,0.020431990659661503,0.018351296242353765,0.08118138240296902,0.046549917676994346,0.026973684210526372,0.03548922056384751,0.03480278422273764,0.0009618467457517266,0.02337446606549598,0.008653958601333223,0.04078677446603107,-0.00656530753282647,-0.005131540907776899
2018-03-14,275.3,0.009238213945303997,0.013436407141542484,0.03496240601503753,-0.006029533884536309,0.013933236574745989,0.02479096376705292,0.0775875366342742,0.04973703981968458,0.0245660006550934,0.03885752241780138,0.029285949325436045,-0.0019144862795149598,0.013221579506551784,0.020085571666270452,0.034969251175690275,-0.016275071633237825,-0.0010897203051217774
2018-03-15,275.0,0.0032834731849689103,0.02726933134105347,0.02006750992247497,-0.01648725009835128,0.010115606936416333,0.04266109785202854,0.05877006967585596,0.03478904515173964,0.016574585635359185,0.04405874499332452,0.03576158940397356,-0.0076142131979695105,0.004807692307692291,0.034903381642512166,0.02170025038750434,-0.027244863208082726,-0.0029090909090909722
2018-03-16,274.2,-0.01674615412199243,0.01902779842426039,0.004285243379848369,-0.01769721286809489,-0.012764146929513664,0.02851654846335694,0.03463139120095127,0.02866853849564066,0.009363900548918336,0.04688546550569339,0.025590551181102317,0.0012812299807816174,-0.012946480175702324,0.020923003347680602,0.00695754716981134,-0.030870502780615094,-0.01353026987600281
2018-03-19,270.49,-0.02883096366508675,-0.0062456372386935355,-0.009593204203434569,-0.03537676973003823,-0.035345680757811415,-0.0020476817317537366,0.015629651682048218,0.006342182890855641,-0.005462724935732743,0.02212681638044911,0.008800521512385862,-0.015585241730279975,-0.024727188298119263,-0.004620853080568699,-0.016391523240838257,-0.05009045680687463,0.0017006173980553818
2018-03-20,270.95,-0.020851402139346775,-0.007072705951333913,-0.0016580692704494249,-0.04152959071774742,-0.024599542334096114,-0.004670169293636839,0.01427721594289122,-0.0037978381536661887,-0.008968609865470767,0.017763157894737036,0.018768521567336105,-0.02520478890989275,-0.024579710144927547,-0.0017797816801139454,-0.004025097667811117,-0.054931476072792584,-0.0019191732792027683
2018-03-21,270.43,-0.017689792953141992,-0.0086150010997873,0.0014071468246621421,-0.045395178086060306,-0.029630689951331113,-0.01611030478955011,0.014668462804969362,-0.014107038976148956,-0.01982097186700771,0.004258106780216098,0.02851392150285137,-0.048712379770400105,-0.024000932075032066,-0.011096682800141644,-0.004160722776985315,-0.05440794672084892,-0.024997226639056236
2018-03-22,263.67,-0.0411999999999999,-0.0380518059102517,-0.024889053254437687,-0.06889610848223737,-0.05522174535050073,-0.04566473988439301,-0.012707430109134332,-0.03209731789535386,-0.023337595907928388,-0.0071498212544686135,0.013266998341625369,-0.049471064094586126,-0.050530983778737326,-0.045966228893058125,-0.0313132515775687,-0.08429938097917833,-0.021314521940304143
2018-03-23,258.05,-0.05889861415025521,-0.07465844300211566,-0.06064577190491782,-0.08912813272149667,-0.07656945841114782,-0.0883562615231882,-0.0587201640064432,-0.05623256496843343,-0.03806781829814465,-0.029060381013884307,-0.020521172638436447,-0.062363579669473035,-0.06698676660030445,-0.07906600393018148,-0.06633071604359542,-0.11092511996428966,0.027359038945940606
2018-03-26,265.11,-0.01988982956856078,-0.04814735028005157,-0.046023749550197834,-0.07491799846465197,-0.022131027407298887,-0.05669447193552957,-0.03806228373702425,-0.03569880040468276,-0.015185783521809326,-0.020565552699228773,-0.01071080817916259,-0.05223880597014918,-0.032019997619331164,-0.05595542140701193,-0.05890521930332138,-0.11164518243390886,-0.01701180641997657
2018-03-27,260.6,-0.03819892969182492,-0.05825383058687483,-0.0503953649382356,-0.08458620205142608,-0.05307917888563052,-0.0763729977116705,-0.05942324497524032,-0.058051341890315133,-0.013251454427924969,-0.02210121716848168,0.012603648424543978,-0.039635105379049906,-0.04481160109354565,-0.06828985507246377,-0.060226874049818746,-0.11972833826267948,-0.002954719877206635
2018-03-28,259.83,-0.03919683467070967,-0.05619324373410839,-0.0435118718939812,-0.0778321976149915,-0.05369523528544029,-0.08173489836816483,-0.058970221505060816,-0.0557845157491903,0.014024787997390709,-0.006074168797953972,0.03254732646961145,-0.018003790271636122,-0.03557359436552454,-0.05872072701852493,-0.039814594723080465,-0.09600537092984218,0.012777585344263542
2018-03-29,263.15,-0.0019721621724125837,-0.04309090909090918,-0.016996638027642952,-0.06651294785384887,-0.009388249545729921,-0.06409155937052935,-0.024164677804295986,-0.04426588750913074,0.017348608837970403,-0.006393861892583175,0.03738317757009346,-0.038068709377901744,0.000491642084562427,-0.05006418485237474,-0.016908212560386326,-0.07604994324631087,-0.021584647539426016
2018-04-02,257.47,-0.002247626428986571,-0.061013858497447004,-0.043147019473762316,-0.08562397897577934,-0.0065339141257000355,-0.08260307427093805,-0.056442080378250714,-0.0678733031674209,0.020951114067176535,-0.01791426743442104,0.028131279303415857,-0.03215636822194201,-0.001506213129157885,-0.0683920833821291,-0.0489000478240077,-0.09735617837285826,0.01281702722647271
2018-04-03,260.77,-0.016370563162460994,-0.03593478501977898,-0.04195598662698852,-0.053294608821927825,-0.03342326139088736,-0.05481459768430319,-0.0567500365657454,-0.02993381468110723,0.010826771653543288,-0.004523424878836835,0.017503302509907392,-0.017538265306122458,-0.006886374815543439,-0.038685870729675,-0.043127962085308114,-0.07054896996202087,0.010699083483529659
2018-04-04,263.56,0.011358403683806584,-0.027274404871747482,-0.034154206977425994,-0.0014018868639411597,0.012542582842985484,-0.04120234604105577,-0.04568009340338586,0.026530612244897833,0.020962987225679575,0.0074337427278603485,0.025328947368421062,0.020294599018003234,0.019288203086112565,-0.026387733269939373,-0.02812055054579976,-0.01360789980732191,0.00789194111397773
2018-04-05,265.64,0.0223607743524612,-0.017712531893650962,-0.02617493951169436,-0.012967710771746077,0.023538581449727092,-0.03142056350494182,-0.047024673439767906,0.0019838242026553043,0.0035381151495657015,0.017612524461839474,0.021945627251883426,0.023286323384716257,0.01312043569748722,-0.02291989972543873,-0.0337622476685161,-0.025131014768937532,-0.02228580033127525
2018-04-06,259.72,-0.013034391031730763,-0.014980847271210185,-0.05246260488872667,-0.02970075092464597,-0.020941608070926376,-0.030133252574197633,-0.07442196531791911,-0.009893337455557316,-0.006435006435006385,0.010801963993453345,0.0035749106272342512,0.0174629324546951,-0.018673218673218805,-0.018190757128810242,-0.06332082551594753,-0.047460052468399794,0.004928384413984244
2018-04-09,261.0,0.013710335184681677,0.01143189304398362,-0.06408003729336254,0.013080774754492985,0.010804885687441201,0.004200373366521459,-0.08452701744433422,0.040961135300757956,0.005537459283387669,0.02660458929165288,-0.003228931223764886,0.050000000000000044,0.014079195474544282,0.012551776076314747,-0.06750664663044736,-0.003458925262507684,0.015900383141762342
2018-04-10,265.15,0.0167964106300571,0.00015088076647407078,-0.048003734022691424,0.013957934990439735,0.025585362071639084,-0.008693045563549107,-0.06489466987134174,0.04108295293562092,-0.004868549172346581,0.0059055118110236116,-0.014781491002570757,0.018943170488534333,0.01572560673600787,0.008730939498278412,-0.04771302530763877,-0.0008526187576125555,-0.005242315670375253
2018-04-11,263.76,0.0007588404917286962,0.012125863392171699,-0.04683434518647023,-0.0059546242556719475,0.005505428964673431,0.018117064106534464,-0.05963958810068648,0.016700170094325006,-0.013795316008983094,0.006878480183426072,-0.015374759769378632,0.01889294000662889,-0.006714686851422291,0.012444001991040343,-0.056695652173913036,-0.018221310486303932,0.00822717622080682
2018-04-12,265.93,0.0010917030567685337,0.023476888734942136,-0.03403559752996732,-0.000263157894736854,0.013402375875723571,0.037256430241621175,-0.047523618665903156,0.026376677464137188,-0.0262820512820513,-0.022836925056288204,-0.028772378516624064,-0.00032905561039819897,0.0007330482590104381,0.01386310186904316,-0.04567167656996385,-0.012299529723863611,-0.0029331026961983975
2018-04-13,265.15,0.020907130756198766,0.007600228006840126,-0.03581818181818186,-0.016469453614748275,0.03544106167056982,0.013757260776520841,-0.05121602288984284,0.004544077552256942,-0.011010362694300557,-0.01737451737451734,-0.02365728900255759,0.011258278145695355,0.02491236855282941,0.005773955773955786,-0.0445792974676158,-0.02384642899725764,0.008221761267207306
2018-04-16,267.33,0.02425287356321837,0.03829572377364343,-0.025054704595185995,-0.02087682672233815,0.035321456235476445,0.04650798621985586,-0.03993679069099265,-0.0066884661117717625,-0.006154842889536827,-0.0006514657980455363,-0.01855406269993609,0.006561679790026309,0.022932936655509994,0.037335009428032695,-0.033610493031971056,-0.02688679245283021,0.010698387760445849
2018-04-17,270.19,0.019008108617763586,0.03612378724546539,-0.001109098303079592,-0.010691662700011095,0.029180526156637354,0.05551248255543495,-0.002345009526601327,0.013247990473354898,0.014024787997390709,0.009087958455047174,0.004523424878836835,0.013363754889178514,0.013775448006826618,0.029717682020802272,-0.01011784311391506,-0.026343519494204437,0.0007402198452939324
2018-04-18,270.39,0.02513648771610555,0.025914402792532876,-0.002066801992987699,-0.0037214443625644966,0.03254752851711018,0.03823214558801036,-0.00454545454545463,0.009666864961332733,0.008783344176968244,-0.005133140840551831,0.002262443438914019,0.021073427724728422,0.02298426745329407,0.0161152484434135,-0.01069772970402938,-0.014679767964957957,-0.005547542438699704
2018-04-19,268.89,0.011130748693265025,0.012234603222406326,-0.005694634471027693,-0.004295500833179089,0.009017132551848439,0.022540359427352996,-0.009588434872400131,0.00493938033228547,0.0036208031599735957,-0.022756410256410287,-0.005544683626875435,0.022811137202281007,0.007569283359785128,0.008307880268784373,-0.014802435239345768,-0.01890156918687591,-0.008479303804529659
2018-04-20,266.61,0.005506317178955555,0.026528569228399856,0.011150301513255245,-0.014016272189348977,-0.0016586248492158617,0.033723653395784536,0.002574197456087113,-0.010165944087307643,-0.01047806155861164,-0.021373056994818618,-0.010801963993453456,0.002321724709784423,0.002687187003786562,0.02766649974962454,0.00897246804326457,-0.022621740683414604,-0.00015003188177498128
2018-04-23,266.57,-0.002842928216062468,0.021340996168582427,0.03301685719821723,-0.02963124749736079,-0.01286847224300458,0.02199845081332308,0.026291225886745373,-0.033972763215697865,-0.01303780964797907,-0.019112406867508924,0.006983704689058845,-0.013680781758957594,-0.0013330101793505023,0.0215693566381554,0.034391866449102526,-0.03422008672213761,-0.013467381925948096
2018-04-24,262.98,-0.026684925422850503,-0.00818404676598139,-0.008034400814756149,-0.05368837711406971,-0.047744968414867084,-0.019957665557907567,-0.02847721822541971,-0.06545559400230694,-0.025088452878739176,-0.011415525114155334,-0.005577427821522374,-0.016228497241155493,-0.016474266474266308,-0.002925758868706496,0.005779636005902811,-0.05346603402383976,0.0024716708494940676
2018-04-25,263.63,-0.02500092459040637,-0.0004928723081588648,0.011627014581734318,-0.03935429799948986,-0.0450729120636324,-0.013992395437262384,0.0038711675441314153,-0.055782114768424096,-0.025798129635601463,-0.01724137931034475,-0.010481493612839787,0.0019900497512439497,-0.01285594136729551,0.009832841691248762,0.022399203583872485,-0.03917670447900845,0.010165762621856311
2018-04-26,266.31,-0.009595001673546766,0.0014289474673785385,0.02493938344302049,-0.019657647708448245,-0.0168305034256776,-0.00796513375413288,0.028994544037412195,-0.031685492151972916,0.003607740242702606,0.0072416063199474134,-0.01576069475715658,0.016273663234805724,0.008118260026656943,0.015748992796972283,0.02983042455749474,-0.01117185642975993,0.0009387555855957519
2018-04-27,266.56,-0.00018753985221864333,0.005317744672826752,0.012958388751662664,-0.004258498319013815,-0.004833106781452878,-0.006483715319662187,0.007184347294405313,-0.01715393794749409,0.026141628060886823,0.015389652914211016,-0.0022522522522521182,0.035046728971962704,0.01766354001705439,0.02039819225601569,0.026289926289926324,0.008937198067632934,-0.007690576230492185
2018-04-30,264.51,-0.007727801327981454,-0.010548759959600473,0.02734299141647556,-0.01698379664040428,-0.0077307867212369485,-0.020499775549902788,0.025054807391168055,-0.03280141843971651,0.020145310435931263,0.006844850065188979,0.006188925081433316,0.03449430676490284,-0.0018201674554058078,-0.0031507513330100156,0.034066624764299336,-0.016499282639885204,0.0017768704396809998
2018-05-01,264.98,0.007605141075367028,-0.019282726969909958,0.016144495148981974,-0.026488849700576744,0.022523912372724553,-0.026296459526957472,0.027756241277717475,-0.030568962995465854,0.02639392939623897,0.0006432936635574205,0.009737098344693385,0.02741083223249663,0.005257366426213439,-0.01130351130351126,0.018078256562654715,-0.025829383886255997,-0.006717488112310432
2018-05-02,263.2,-0.0016310738535068037,-0.026591220089500323,-0.0013659128851115643,-0.035473468191146273,0.021286441462285977,-0.024745912505523715,0.012540143752867383,-0.0337127845884414,0.02515723270440251,-0.0012899064817801786,-0.006416426050689816,0.018750000000000044,-0.013023369036027188,-0.025711882734590907,-0.010010987669393123,-0.037850023730422344,-0.0022036474164133235
2018-05-03,262.62,-0.013856032443393063,-0.023318085462456728,-0.011368769763589803,-0.03724613241439978,0.005302226935312682,-0.011617515638963405,0.010660980810234477,-0.03686502177068218,0.0117647058823529,0.015414890127910974,-0.007692307692307665,0.014084507042253502,-0.034134615384615374,-0.026293469041560713,-0.01820403176542451,-0.05135167040491084,0.012946462569491946
2018-05-04,266.02,-0.00202581032412974,-0.002212970256179503,0.024256892037578748,-0.029478292593943967,0.026255881013810933,0.021295876755777154,0.05573770491803298,-0.022832369942196507,0.009674298613350452,0.03606882859033744,0.013924870466321293,0.017549561260968405,-0.030404596600431044,-0.013278109392130588,0.014021031547321039,-0.05018761726078802,0.0033832042703556553
2018-05-07,266.92,0.009111186722619236,0.001312975953783324,0.022681992337164836,-0.042851507871050964,0.04017720745493447,0.03213581931180842,0.05484120836560824,-0.03432137285491421,0.015539009388151559,0.03599735799207404,0.016196954972465205,0.012915724895059766,-0.016776075857038775,-0.018565708045140128,0.002603198214949698,-0.06507918159750326,0.0
2018-05-08,266.92,0.007321307268473021,0.014982127918472976,0.006675466716952849,-0.041648714634496486,0.02957151478575737,0.05276149336624503,0.031750831569398175,-0.03520429803478031,0.0012857602057216866,0.02771362586605086,0.015981735159817267,0.000964010282776373,-0.023716857212357167,-0.01858417899498732,-0.0214555650371816,-0.06814488042721156,0.009665817473400118
2018-05-09,269.5,0.02393617021276606,0.02226605469787213,0.02176220806794049,-0.026091355883203327,0.04334692644615634,0.06555606972080819,0.0506463878326997,-0.012013729977116805,0.013561511139812854,0.039059913935782786,0.021145087833441822,0.005445227418321652,-0.004439511653718031,-0.01740506329113911,-0.007743362831858391,-0.06399999999999995,0.00935064935064922
2018-05-10,272.02,0.03579316122153675,0.02144117757500652,0.022900763358778553,-0.011914275335997204,0.054550934297769915,0.060142402666262695,0.05169822663059809,0.0017177211565990724,0.023255813953488413,0.0352941176470587,0.04279131007241599,0.012787723785166127,0.018043802887008464,-0.016706730769230793,-0.001220852154803942,-0.04683677036001399,0.0030512462318947886
2018-05-11,272.85,0.02567476129614321,0.02359693877551039,0.02904016594380554,-0.007818181818181724,0.03342206447796503,0.0605554712399452,0.05367913148371528,-0.0002861230329043174,0.007026509102523226,0.01676878426314099,0.03241650294695497,0.007992327365728968,0.025061728395061822,-0.006104859947330676,0.014168804201783347,-0.03104212860310418,0.000476452263148186
2018-05-14,272.98,0.022703431739847124,0.032021473668292444,0.02113492686941254,-0.004449307075127584,0.02614187105301813,0.06736938588450969,0.04548855304503974,0.0037350955322512647,-0.0019126554032515841,0.013596633214632448,0.02053455019556716,0.0015994881637875213,0.03338278931750738,0.016046681254558548,0.012845370819195345,-0.02119686145918731,-0.006886951425012833
2018-05-15,271.1,0.015660122883260907,0.023096082723224498,0.0033680002960880806,0.0022551665495951223,0.01421453692848762,0.044206397103198514,0.016747465843984122,0.014363183350432296,-0.011878009630818531,-0.01060752169720347,-0.009971051785139906,-0.005492730210016061,0.0277812383206677,0.003405497445877037,-0.007936507936507908,-0.01797405070824909,0.0042050903725561195
2018-05-16,272.24,0.010166975881261697,0.034346504559270574,0.006841969007729709,0.0047610260195609655,0.006369426751592355,0.049992448270653966,0.024009427014287654,0.019354838709677358,-0.021981522777954843,-0.008718114304165359,-0.009996775233795607,-0.007756948933419605,0.027622940666418794,0.023060796645702153,-0.0032440225880092655,-0.013907048615238393,-0.0008448427857773444
2018-05-17,272.01,-3.676200279389974e-05,0.03575508339045008,0.011603257837777603,0.005842547054690561,-0.011717633609602873,0.04219409282700415,0.030086386654751163,0.020209470423366183,-0.03598484848484851,-0.013565891472868241,0.0016398819285010635,-0.003913894324853229,0.014423664588681051,0.03272772523643597,0.0055737307645704615,-0.009311209263459519,-0.002499908091614267
2018-05-18,271.33,-0.005570826461425815,0.01996090519509819,0.017703762049435356,0.029051465847460767,-0.014453348597595728,0.01848565513161793,0.04017520012082776,0.04285281647486361,-0.030764351411354363,-0.02395400830405625,0.011250827266710672,0.00032733224222569746,0.0020474527279297217,0.02716049382716057,0.013521744426848503,0.022615535889872307,0.0075185198835368006
2018-05-21,273.37,0.001428676093486736,0.02416454368350074,0.025509247102074584,0.059368339469095144,-0.005724917704308052,0.020267293288294796,0.05305441867515537,0.08074051026757934,-0.01405301820504623,-0.015938795027095942,0.019484808454425462,0.02660458929165288,-0.003589375448671883,0.029673590504451175,0.01055697124135424,0.045311911635496305,-0.0027801148626402927
2018-05-22,272.61,0.0055699004057543355,0.021317248613816897,0.03661875427789174,0.028290143713930016,0.0023118046525070213,0.01655920281359924,0.07019438444924431,0.03971822541966441,0.0042235217673813885,-0.007704654895666074,0.019795447047179282,0.014107611548556331,0.007515151515151475,0.03550517005107778,0.01626115662061367,0.02213477619281856,0.002751183008693703
2018-05-23,273.36,0.004114017043785001,0.014322820037105721,0.036907787429351746,0.04896392939370675,0.005178365937859697,0.011580775911986141,0.07789603578590154,0.08206875193558383,0.014983713355048778,-0.007327174259318281,0.03144654088050314,0.02063544055027844,0.005183220829315438,0.03294933729716343,0.014970788704965932,0.03770532603285215,-0.0020485806262803274
2018-05-24,272.8,0.002904304988787354,0.00286743621792529,0.02437009500206533,0.04991725358888521,0.009253903990746215,-0.002572163475278777,0.05741554309953023,0.08807482462977378,0.016371971185330736,-0.02020202020202022,0.01437908496732021,-0.0016082341588935511,0.0008434751174841715,0.015279305708348678,-0.0016826923076923572,0.02809753682386429,-0.0023826979472142407
2018-05-25,272.15,0.0030221501492646574,-0.002565512186183061,0.02097088835534211,0.03420102603078101,0.012777697110498032,-0.0018603319977102961,0.05858248596145099,0.06618771018037295,0.020615183246073476,-0.010783380907072648,0.00580457916801036,0.0035392535392535507,-0.0031250000000000444,-0.001083945561845212,-0.007182188173330273,0.018918918918918726,-0.011501010472166118
2018-05-29,269.02,-0.01591249954274432,-0.014506557256942054,0.01705039507012973,0.044859595292655374,-0.0014394702749387367,-0.007156147130385038,0.05973113351665149,0.08628249295333545,0.012957563977971986,-0.0012775471095496371,0.012301715765620003,0.018566775244299727,-0.01428914505283374,-0.017827231395070475,-0.002066618040359902,0.031929604022627345,0.013344732733625797
2018-05-30,272.61,0.0,0.0055699004057543355,0.028794626009510216,0.045403995858419366,0.007351881216664191,0.009680681982372485,0.05431502715751346,0.08357884943402083,0.02491103202846978,0.029239766081871288,0.018322082931533368,0.028237585199610615,0.002406159769008598,0.009939393939393915,0.013378739965944852,0.03169886082218909,-0.00612596749935812
2018-05-31,270.94,-0.00885279484928303,-0.0047751983543932175,0.02940729483282678,0.028001214144786735,0.0002862049227247976,0.005466052934407495,0.05573176257362955,0.06897079064077083,0.01347881899871628,0.028664495114006483,0.01969648046496597,0.013153673403913935,-0.011752008634128841,-0.006629701060752113,0.016278209396966226,0.006104260774020265,0.009817671809256856
2018-06-01,273.6,0.0029325513196480912,0.005845373331862858,0.04180945853324203,0.029965366661647508,0.018481375358166297,0.027906304222093725,0.07127787823990372,0.08269875114224812,0.021585051546391787,0.03831041257367396,0.02422480620155043,0.016346153846153788,0.003611846857693113,0.004458368478129859,0.03733200597312103,0.018448381185094842,0.004751461988304007
2018-06-04,274.9,0.010104721660848748,0.013157409796189068,0.03338094880084208,0.05844755890959474,0.027383512544802757,0.040511107884419806,0.05974563738538885,0.11881342701014841,0.02661109329913436,0.04777486910994777,0.022676461194506725,0.036917098445595986,0.008801543284302049,0.005649038461538414,0.03296296296296308,0.04744616925388101,0.0007275372862860507
2018-06-05,275.1,0.022600550144970866,0.006328419358378801,0.030645886407912437,0.05402298850574727,0.036615251549661165,0.035123074708507174,0.05610221765310608,0.114020139426801,0.018867924528301883,0.03206997084548102,0.015620019126554086,0.03206997084548102,0.01717626994761834,0.002641690682036568,0.03239366963402568,0.03508119499194251,0.008360596146855581
2018-06-06,277.4,0.017570888815523933,0.017570888815523933,0.039262700434586906,0.04620026400150867,0.03577561534058393,0.043390514631685084,0.06066822977725672,0.0943453280919262,0.008522727272727293,0.03364606923325786,0.025682182985553803,0.042074363992172126,0.013442150744119141,0.015880654475457057,0.05194966986420835,0.029379495306595116,-0.00010814708002870876
2018-06-07,277.37,0.023732191629143085,0.014669300556043208,0.029202226345083515,0.05159993933879292,0.027181688125893944,0.027475672581568356,0.0393746381007527,0.09201520912547534,0.011716276124129177,0.025353016688061558,0.017840076457470433,0.0393623942745609,0.025967722363790857,0.013910540832233975,0.04731822123126461,0.039208456243854384,0.0029563399069834073
2018-06-08,278.19,0.016776315789473584,0.019758064516129048,0.02268215572384391,0.046102357763321056,0.008299338866226025,0.026934097421203562,0.02429265504429834,0.07724676886083559,0.011037527593819041,0.03286082474226815,0.011994949494949614,0.05529953917050712,0.020153550863723613,0.0238381892607753,0.039481725950372804,0.03821267244536708,0.0013300262410582686
2018-06-11,278.56,0.013313932339032553,0.0235531875803785,0.020927249404434578,0.050575146143692296,0.0013954786491767734,0.02881720430107526,0.026903262736119204,0.08202653799758775,0.000936914428482094,0.027572940044886085,0.016492229622581567,0.04944335297969871,0.018286124058802367,0.027248613455510107,0.02613513188004335,0.0406742396482227,0.001292360712234375
2018-06-12,278.92,0.013885859687386315,0.03680023790052789,0.02175983588541275,0.04335465529495397,0.0027812543457099714,0.03949834222286275,0.03205953914412474,0.07900643423612141,0.011613308223477725,0.030700351774864076,0.02938358351964232,0.050521512385919065,0.019760479041916135,0.03727616031185277,0.01878439818138311,0.03187106156083375,-0.003190879105119948
2018-06-13,278.03,0.0022710886806056596,0.019881882542826634,0.02556252305422335,0.02901661793552668,-0.008842221608179046,0.026617057813394407,0.03655541106776483,0.05391508741001916,-0.013771517996870042,-0.005366161616161547,0.02371669915529573,0.01350916693470583,0.008645191852202805,0.022203552568411,0.03236363636363637,0.024170274170274286,0.002517713915764608
2018-06-14,278.73,0.004903197894509104,0.028751753155680237,0.023839259476932106,0.030844335959170133,0.0062674094707522165,0.03361945636623731,0.03926927502876887,0.06422153483576376,-0.004381846635367781,0.007283090563647843,0.03615635179153087,0.025798129635601352,0.012536960378474404,0.03883023904865923,0.03194310511089693,0.028595458368376736,-0.00574032217558218
2018-06-15,277.13,-0.003810345447356145,0.01290204678362561,0.018822837395684022,0.030644501469002217,0.0005580357142855874,0.00886200590800379,0.037015615962984416,0.0682156687518618,-0.017779164067373787,-0.006937874487543461,0.03110674525212831,0.03279763857002305,0.004938852304797514,0.025191938579654405,0.029762622002651007,0.03550224160911175,-0.0020567964493197755
2018-06-18,276.56,-0.007179781734635293,0.006038559476173155,0.019275421073968957,0.0373204305915007,0.0005574136008916764,0.001953670108847394,0.04254392333381718,0.08442833408850636,-0.018408736349453836,-0.017489069331667828,0.02945026178010468,0.041032428855062975,-0.0065727699530516714,0.011593163618979219,0.017307692307692246,0.031063466926543937,-0.00383280300838873
2018-06-19,275.5,-0.012261580381471404,0.001454016721192275,0.007791637707136756,0.03349964362081259,-0.00943003744279558,-0.006675010429703643,0.028213617388801016,0.08276489313324253,-0.022649705243561802,-0.011299435028248594,0.020408163265306145,0.040290620871862526,-0.003405754550792839,0.016287425149700496,0.018972142170989414,0.029729401771629638,0.0017059891107078506
2018-06-20,275.97,-0.0074092723806781224,-0.005155010814707817,0.012325299878948037,0.04939539128450843,-0.002230275996654485,-0.01105277701022378,0.03185815193887831,0.10428879975316274,0.010472865756902427,-0.0034428794992175105,0.030087350372047794,0.05047838997030696,-0.0015263590466125798,0.007105637138796972,0.023099133782483072,0.039735909035334416,-0.00626879733304353
2018-06-21,274.24,-0.016108779105227344,-0.011284565742510022,0.0032191981270119907,0.040245799036528584,-0.016885813148788897,-0.010724233983286813,0.016456783056668645,0.09563473700447322,0.006916064130776611,0.00250391236306724,0.027920410783055294,0.06024495200264823,-0.012381731106179239,0.0,0.013910540832233975,0.029089581304771128,0.0018232205367560983
2018-06-22,274.74,-0.00862411142784969,-0.01240159603148927,0.007111436950146599,0.03165483834628824,-0.012827663134411638,-0.01227678571428581,0.014326647564469885,0.0725647629147097,0.02604001270244538,0.007797878976918193,0.040914948453608435,0.055882352941176494,-0.006201731804352795,-0.0012935089369707775,0.022513845412954536,0.020793269230769296,-0.013612870350149242
2018-06-25,271.0,-0.02010413653456755,-0.02713957495692132,-0.004225610876354868,0.016656662665065936,-0.034401114206128125,-0.03386287625418072,-0.006021505376344161,0.05220822583093021,0.02447552447552437,0.0056162246489859236,0.03334402051939711,0.03934214769429212,-0.005789224952740923,-0.012323943661971759,0.01458885941644561,0.0073018913095523885,0.0022140221402215943
2018-06-26,271.6,-0.014156079854809378,-0.02624408432525449,0.00959036502862265,0.026804279611357007,-0.02547949041019193,-0.03466925530439602,0.0034597088078418547,0.06339749465322342,0.02857142857142847,0.0052745888923364515,0.036136872401662856,0.048883133700226455,-0.011430591562573644,-0.014797416324133894,0.021927153124619236,0.01981522003403846,-0.008284241531664183
2018-06-27,269.35,-0.023988114650143166,-0.031219652555479427,-0.011958475477788721,0.016491810702694565,-0.040793517742386154,-0.042932812935600806,-0.01745850028620488,0.03590826795413382,0.014761306532663498,0.025388765471278996,0.019886363636363757,0.03857280617164904,-0.02187206020696142,-0.023365034636609106,-0.0016802688430147539,0.011675991243006667,0.005717467978466617
2018-06-28,270.89,-0.012215577596266125,-0.028127578660352426,-0.00018454270318157828,0.029217325227963498,-0.021540194284105363,-0.03806228373702425,-0.005722460658083017,0.049690379096813286,0.018732438339057245,0.02577805721471238,0.033248891703610006,0.053600258314498106,-0.014902424600827802,-0.02709963789276948,0.010678315738381405,0.02713034899494393,0.0014396987707185893
2018-06-29,271.28,-0.01259372497634137,-0.021109226716703455,-0.008479532163742864,0.0329754017211179,-0.018785310734463212,-0.03137200223089798,-0.022788015192010236,0.0468655816757082,0.012380068090374508,0.03874245792315034,0.031535793125197165,0.0565245478036176,-0.017308371600141426,-0.023402761525860072,0.0011996161228406965,0.03857640617222491,0.002138012385727084
2018-07-02,271.86,0.0031734317343175,-0.01699450390512003,-0.011058566751545928,0.021953236598752035,0.010962065483917538,-0.02381615598885789,-0.021909014792073633,0.03652765454007678,0.008997828110456352,0.033693579148124764,0.015615240474703418,0.03864580006387741,-0.005109922756981633,-0.010869565217391353,0.0005975857535556184,0.03358024691358019,-0.003531229309203354
2018-07-03,270.9,-0.002577319587629079,-0.016696914700544574,-0.01526717557251922,0.014910834707028142,-0.005028013216491822,-0.030379392412151818,-0.03685162008065623,0.017183139961815197,0.009567901234567966,0.038412698412698454,0.026679221594475777,0.04271597067261723,0.00035761115746812955,-0.011077068112184785,0.005029940119760434,0.03758654797230476,0.0081579918789223
2018-07-05,273.11,0.013959532207165282,-0.010363445302025598,-0.015465032444123894,0.023190469054398255,0.02301194290707831,-0.0187203129365745,-0.029566178502348772,0.029308323563892236,0.025688641287527014,0.04082914572864316,0.03724569640062603,0.06388443017656509,0.01935561433036792,-0.00293979303857006,0.004144954997631567,0.05630995390556892,0.008458130423638854
2018-07-06,275.42,0.016722654952194826,0.004302800466744472,-0.007030320510509336,0.021966604823747682,0.02244604316546761,0.0004223567506687065,-0.010306406685236746,0.02866242038216571,0.019920318725099584,0.039025913206369056,0.04162754303599381,0.06021025804396296,0.032656981630447834,0.017267888823181643,0.017267888823181643,0.06540319583797838,0.009004429598431285
2018-07-09,277.9,0.024402831023296878,0.011501783504404006,-0.0010424529997484777,0.021616057642820374,0.030660716856196757,0.011299435028248483,-0.001116071428571619,0.02314947127750777,0.007948639559767656,0.02042711234911776,0.02838427947598232,0.04071969696969702,0.038102084831056926,0.020134228187919323,0.01881467544684856,0.05903923725705895,0.003598416696653395
2018-07-10,278.9,0.025895681600823783,0.029151291512915067,0.0012205628948878111,0.02217335532343756,0.023969182479668838,0.03519399971152448,0.00013935340022275255,0.027046365197481492,0.018757687576875792,0.027924294135898364,0.033697347893915985,0.050745321915635966,0.03881987577639756,0.033511586452762865,0.02077464788732386,0.04745272792966393,-0.007314449623520791
2018-07-11,276.86,0.022000738279808196,0.019366715758468267,-0.007385630288254674,0.014213495494175277,0.03219751660410042,0.027007613848584855,-0.008597975315490336,0.023185916702447296,0.009782940996637013,0.019444444444444597,0.024821594787465262,0.05493452571063573,0.028122020972354722,0.028489688878293062,0.013270698766882028,0.032304379038047504,0.009065953911724378
2018-07-12,279.37,0.022921167295228972,0.037200668275477966,0.004819623781606497,0.03050534857985987,0.03388382687927116,0.057675502475968754,0.012266517981600389,0.04927033665655278,-0.0009052504526252392,0.024760136180749015,0.05077753094255777,0.07569850552306678,0.028894916853402286,0.048809810050492786,0.02430433251144759,0.057454545454545425,0.0007874861295056323
2018-07-13,279.59,0.015140512671556028,0.03211635719295658,0.003085423169375323,0.026998236849838264,0.02082746974387839,0.043741007194244785,0.004013840830449977,0.04344073647871127,-0.008413461538461564,0.011339258351210413,0.03740961961647282,0.07491856677524433,0.01616091152191612,0.04934565974306637,0.020908772339679915,0.053519768563163206,-0.0008941664580278674
2018-07-16,279.34,0.00518172004318096,0.029710999705101715,0.007974596759643404,0.026947538693430362,0.01075418994413413,0.04174463797322603,0.009063022866703907,0.04641411220358593,-0.0045495905368516665,0.0033628859675940426,0.042235630358844034,0.07465618860510803,0.002654662973222477,0.04085789599808298,0.0164989468757315,0.046752620797686495,0.004045249516718252
2018-07-17,280.47,0.005629257798494214,0.03167071286691692,0.014137980908301984,0.033685917517414454,0.01588407412567916,0.04023398487658714,0.01545961002785523,0.058661245825468056,-0.01599758527014794,0.002460024600245969,0.03623649078194524,0.06675392670157088,0.004369322754973037,0.04335881509794537,0.03201795841209831,0.04987980769230749,0.002103611794487703
2018-07-18,281.06,0.015170122083363324,0.03750461424880047,0.020181488203266706,0.02813037275487429,0.01818436144915392,0.05096736933294843,0.019039619207615877,0.047790413127968945,-0.016651528913109392,-0.007031488841333089,0.03111111111111109,0.05215419501133778,0.013212795549374157,0.04170638703527163,0.03016733443318409,0.04971181556195958,-0.003771436703906672
2018-07-19,280.0,0.002255073916311634,0.02522793013803959,0.014603036561944949,0.027108323245662147,-0.001239328008813101,0.032602505694760975,0.013271863649064075,0.04555283263658638,-0.009664753850800345,-0.01056125528062768,0.02983668341708534,0.060821740537043034,-0.003553415864282261,0.025238825333176118,0.022224835371589924,0.04583734359961511,-0.0011428571428571122
2018-07-20,279.68,0.0003218999248901788,0.01546728632633787,0.019836639439906545,0.02311969563944971,0.00013785497656448875,0.02096819589079635,0.021399408700548905,0.03820835718374349,-0.015151515151515138,-0.0234375,0.014673743365594794,0.043003851091142575,-0.0073226544622425616,0.008719916288803642,0.026138379657007826,0.040412519486749066,0.0018592677345536934
2018-07-23,280.2,0.0030786854729003554,0.008276358402303119,0.019873334789255237,0.027126099706744844,0.007599834185435972,0.018435754189944253,0.029943502824858914,0.04469914040114631,-0.012492382693479742,-0.016985138004246392,0.003095017022593405,0.044136597938144284,0.0008058017727639033,0.003462603878116255,0.023666548922641972,0.046713219359499014,0.005032119914347044
2018-07-24,281.61,0.004064605840196744,0.009716744352814777,0.039151291512915076,0.034760242513319994,0.005623371279659839,0.021596767451581345,0.05755084379056674,0.05118279569892459,-0.008588957055214785,-0.0244491397524903,0.0027924294135899252,0.036229560756652734,0.004350314825415147,0.008738645509946075,0.04254307783719535,0.05775259223535101,0.008522424629807013
2018-07-25,284.01,0.010495979506155217,0.02582532688001149,0.04569219440353445,0.05572076425544581,0.019920318725099362,0.03846691845013295,0.06651343197816395,0.07020325789246051,0.0049261083743843415,-0.01180744777475029,0.007407407407407529,0.04381196034537904,0.01635781285746951,0.029786740843764425,0.05912504470139468,0.08234864173468126,-0.002359071863666795
2018-07-26,283.34,0.011928571428571288,0.014210545155170395,0.051939855206979635,0.039360258244378166,0.007858817041224153,0.006609749380335872,0.06466647247305568,0.04607899255867198,-0.0012198841110093728,-0.010872848082150388,0.013618074899411914,0.0337752525252526,0.0192108593120901,0.015589179275561582,0.06515989420533774,0.06337013922227563,-0.00677631114561994
2018-07-27,281.42,0.006221395881006897,0.006545298472763861,0.03887186680940613,0.03868015058684593,-0.009648518263266737,-0.00951199338296127,0.03381294964028769,0.027896995708154293,-0.0015384615384614886,-0.016666666666666607,-0.0055163959546429275,0.02754908169727699,0.013831258644536604,0.006407322654462089,0.056069155961099515,0.06734619585001811,-0.0052235093454623405
2018-07-30,279.95,-0.0008922198429692774,0.002183718765661924,0.03195959893836631,0.02320906432748515,-0.03003291278112996,-0.02266132375293628,0.018137325464229193,-0.005064003376002213,0.00030854674483205,-0.01218769043266299,-0.008865790278202335,0.022390413118889896,0.012307338394295098,0.013123057442155028,0.054517133956386354,0.05578214971209228,0.004929451687801345
2018-07-31,281.33,-0.000994282873477581,0.00306628159874478,0.03483410578974455,0.023390323754092446,-0.032733224222585844,-0.02729392401590991,0.01184191753459829,-0.010326542003907258,0.022586633663366218,0.013803680981594901,0.0162976629766296,0.03216739537788871,0.013678331243588415,0.018088151116199436,0.06223124701385574,0.06286602127405283,-0.001670635908008311
2018-08-01,280.86,-0.011091158762015385,-0.0007115918309257285,0.03676633444075317,0.020937840785169026,-0.036099137931034364,-0.016897925539222425,0.033208200981807545,-0.004867195104992228,0.01930147058823528,0.024322660098522464,0.017120146744115106,0.0442561205273071,0.0011254924029264757,0.017501715854495448,0.05993803622497618,0.06526946107784437,0.005447553941465344
2018-08-02,282.39,-0.0033528622855932833,0.008535714285714313,0.03397898282743217,0.017988464311463614,-0.008755129958960328,-0.0009651178822557283,0.03160592255125283,0.0011052777010223114,0.010992366412213794,0.009759072888075648,-0.0009052504526252392,0.036306729264475646,0.007674943566591486,0.02703324513976746,0.05295435782521518,0.05731880625296082,0.004284854279542616
2018-08-03,283.6,0.0077464288252433455,0.014016018306636235,0.029700094401277966,0.022460972707935234,0.012108559498956284,0.0023432115782220375,0.023360540388404072,0.012813370473537589,0.03359013867488425,0.03200000000000003,0.0078125,0.04976525821596245,0.02103228740336527,0.03515444905486387,0.044180909196605,0.06221170904790063,0.0036671368124117087
2018-08-06,284.64,0.01675299160564392,0.0158458244111348,0.024253328535444485,0.02318559258061037,0.03364908808143641,0.00260559517279213,0.02108938547486039,0.01994977678571419,0.032387415175817225,0.03270595495217532,0.015165301789505703,0.04398003742981893,0.022270196568571654,0.03485162180814361,0.03843490304709141,0.05797271872060206,0.003302417088251852
2018-08-07,285.58,0.015106814061778051,0.014097510741805985,0.023951237002509895,0.025201033888569757,0.03482797518330516,0.00095471903982558,0.022572105336491566,0.022714604236343305,0.010590015128593144,0.033415841584158334,0.008149713250829915,0.04212168486739465,0.011807039244349449,0.025646871081727918,0.03460963550649665,0.056103286384976636,-0.0004201974928216279
2018-08-08,285.46,0.016378266752118398,0.005105454033308643,0.0310626309326012,0.023447583536497785,0.028367803242034695,-0.008755387931034364,0.02937473772555621,0.020524199140202537,-0.002404568680493102,0.016850490196078427,0.004844081138358991,0.029785913744958092,0.013153456998313606,0.014293753517163887,0.044506258692628586,0.058367586611861366,-0.0013662159321795597
2018-08-09,285.07,0.009490421048903963,0.006105738688501505,0.020403049719010635,0.025321008524260114,0.01600883245928797,0.00711354309165535,0.01377031120903327,0.026205742960691447,0.0042283298097252064,0.01526717557251911,0.0042283298097252064,0.05522056490003169,0.008288530465949684,0.0160270880361173,0.03186611646033932,0.05694493366208753,-0.006700108745220312
2018-08-10,283.16,-0.0015514809590972956,0.006182929429322748,0.012768697020637543,0.015893517023642945,0.004262926292629254,0.016423103688239404,0.006754893851667942,0.010795847750865173,-0.018187239117471665,0.014791987673343554,-0.0021212121212120794,0.035209053756680264,-0.0020042311546598635,0.01898590268303768,0.025514874141876254,0.04695713117626443,-0.0037434665913265164
2018-08-13,282.1,-0.008923552557616565,0.007679942846937182,0.009880432447913146,0.017933821672139638,-0.0024620434961016846,0.031104199066874116,0.007738012988807608,0.016871165644171793,-0.0164326262324469,0.015422578655151176,0.0030469226081657474,0.04541124166402044,-0.003445592975436229,0.018747869560277186,0.03211695637158973,0.04914579920430606,0.006380716058135283
2018-08-14,283.9,-0.00588276489950279,0.009135179326769327,0.012229471957784899,0.02654035290714485,-0.00013625834582375873,0.034686971235194486,0.006446303662049013,0.022005571030640603,-0.010479041916167664,0.0,0.013803680981594901,0.05054036872218681,0.001111358079573188,0.012931519172382666,0.03125357756153413,0.06427221172022679,-0.007467418104966539
2018-08-15,281.78,-0.012891473411336118,0.0032756533504234575,0.0025617305913328003,0.022794918330308445,-0.011822258459029844,0.016210173281162588,-0.0009616705591428687,0.018059638807223832,0.004519433564326825,0.0021039975954313395,0.02647783251231539,0.05841269841269847,-0.002108300044385225,0.011017425519955104,0.028711965225348912,0.059745463115720154,0.008091418837391062
2018-08-16,284.06,-0.0035429894411898033,0.005913807146145533,0.014499999999999957,0.029314780592093248,-0.007878293941863568,0.008004416229644207,0.007031573142148195,0.020396758871193077,0.010526315789473717,0.014799154334038223,0.02470265324794152,0.05527638190954787,0.00877582759386808,0.017137096774193505,0.04463361325204174,0.06785042333019753,0.003520383017672213
2018-08-17,285.06,0.006709987286339869,0.005148095909731865,0.019236270022883195,0.03945449241540255,0.0016431603450637322,0.00591309130913098,0.008270158511371584,0.0298465437139237,0.030063771636805514,0.011329755515802065,0.0436923076923077,0.05900718076802991,0.016289188887649297,0.014252310433136683,0.04990779160903647,0.07735068007096402,0.002139900371851633
2018-08-20,285.67,0.012655086848635255,0.0036186059584037977,0.01952177016416856,0.03978306762757522,0.0015082956259426794,-0.0009574613595950687,0.001645639056500281,0.031638418079096065,0.03159173754556499,0.014639976097998275,0.04782474544893556,0.05106778087279484,0.01929511487842972,0.01578303879070808,0.05118472509776861,0.0760626398210289,0.0023453635313472887
2018-08-21,286.34,0.008594575554772721,0.002661250787870273,0.01679627854124477,0.05660516605166044,-0.0029980921231943514,-0.0031339419539447855,-0.0021822149481723896,0.05524304053079465,0.018154311649016597,0.007485029940119681,0.04115099009900991,0.044058330747750674,0.014542628774422806,0.015670148921982596,0.04171891029294428,0.08603683897801528,-0.0005936997974435032
2018-08-22,286.17,0.015579530129888663,0.002487213620121942,0.007605366008239134,0.053645066273932285,0.009075907590758936,-0.002853648593558966,-0.0115840517241379,0.05415888521764112,0.0029994001199757925,0.007532389273877671,0.02450980392156854,0.032098765432098775,0.017235627710441515,0.015090989791389342,0.029600450196961337,0.09047562283943256,-0.0013278820281650283
2018-08-23,285.79,0.006090262620573217,0.0025256954432246737,0.008646855368109163,0.06103582699090393,0.006845564074479782,-0.0010866612333604309,0.006019151846785364,0.07107486163705223,-0.0071428571428572285,0.0033082706766918157,0.018625954198473238,0.03249767873723286,0.007047681973350928,0.01588535880915365,0.03216704288939054,0.09942293820629944,0.006018405122642401
2018-08-24,287.51,0.008594681821370909,0.015362339313462314,0.021640253002629395,0.061353316844475536,0.015447710184552266,0.017116253594413156,0.033820459290188065,0.06877697841726627,-0.009728773584905648,0.020042514424537083,0.035130970724191135,0.029420778424762428,0.008782522779668511,0.025214771839785932,0.04467939972714885,0.10325369191979816,0.007895377552085137
2018-08-27,289.78,0.014387230020653119,0.027224388514710984,0.03511341310948368,0.06819522264818634,0.026286966046002114,0.027834910187851225,0.05980489184221671,0.0790269180941412,-0.012367491166077826,0.01883353584447134,0.034546576187538536,0.025374503210027433,0.00908195645037746,0.028552308721838005,0.04783547324167703,0.10496046010064708,0.0004831251294086236
2018-08-28,289.92,0.012502619263812464,0.021204649524480645,0.030533537127217292,0.06643125137938655,0.026380535811919126,0.023303352412101574,0.058798646362098195,0.07133685261806244,0.008915304606240904,0.027231467473525228,0.027231467473525228,0.04397293972939731,0.009629062260641197,0.024311722912966127,0.03755762959631159,0.10212613473483034,0.005380794701986824
2018-08-29,291.48,0.0185554041304119,0.0344240187380227,0.03781243324076056,0.0759689922480622,0.03257018261106559,0.04194169416941684,0.05883174958077131,0.09399364712676861,0.013755980861243966,0.01679664067186537,0.018935978358881833,0.03638031183124424,0.01519457804984703,0.032692093850772874,0.044069702079820194,0.10664918970448056,-0.004048305201042934
2018-08-30,290.3,0.01578081808320797,0.021967190030275363,0.028010906901802635,0.06294167185383182,0.027196083763938006,0.03422782037239869,0.042506210322937,0.07545558086560389,0.010791366906474753,0.0035714285714285587,0.01842343702808824,0.017501508750754402,0.014762165117550463,0.021913886135888072,0.03942652329749108,0.09446868734520564,3.444712366507119e-05
2018-08-31,290.31,0.009738791694201998,0.018417175331509217,0.023660084626234035,0.05406288577445362,0.017770597738287375,0.03349282296650702,0.03960396039603964,0.06388967070081608,0.00774039892825229,-0.0020636792452830566,0.00924269528920707,0.017127403846153744,0.009685493524866695,0.01855307937204964,0.03306981405188725,0.07871177770026727,-0.0017222968550859585
2018-09-04,289.81,0.00010352681344483194,0.014492246298176248,0.018163293985385076,0.04285714285714293,0.0046691568836714215,0.03107886089813805,0.03009164273013276,0.051815642458100664,0.00029815146094214207,-0.012073027090695021,0.0023902001792650562,0.017591750075826473,-0.0019518542615484247,0.007112375533428139,0.02300766922307451,0.06232686980609414,-0.0026914185155793025
2018-09-05,289.03,-0.003069812362031077,0.009394426206607465,0.012080677918621774,0.03632126210111153,-0.009588493807431098,0.01653909240021889,0.013353317890720806,0.03622683572523355,-0.005596465390279914,0.00326894502228825,0.010778443113772518,0.01901599758526995,0.001517286225208636,0.011160958529379483,0.027006001333629515,0.06255030470277112,-0.0030100681590145006
2018-09-06,288.16,-0.011390146836832704,0.006953908515917151,0.009458417992012969,0.04081485227190651,-0.025603800976639834,0.00613246116107935,0.0032613126783529456,0.03273185060847683,-0.0008849557522123686,0.01285885167464107,0.020488098824947176,0.025431425976385036,-0.0049531603316465,0.010166156536947968,0.025410563692853883,0.07104775150672227,-0.0019433647973348123
2018-09-07,287.6,-0.009300723389596977,0.006333321669757419,0.008875013154663769,0.029459140208325962,-0.025946518400847385,0.0005439216752787246,-0.0005433306166803265,0.013219498760671966,-0.008303677342823335,0.0023980815347721673,0.005714285714285561,0.009966777408637828,-0.0026939655172413257,0.012028430836522608,0.028104865585425465,0.0608665749656121,0.00173852573018074
2018-09-10,288.1,-0.007612552099479752,0.002052102535563982,0.01744596694448375,0.03043742623126744,-0.02367724867724852,-0.006327409800753858,0.010680542242913926,0.017507582023710944,-0.00679468242245207,0.0008931229532598284,0.020953537807470335,0.018787878787878798,-0.005065746928217263,0.004570682337577514,0.029900702889657627,0.05617848970251704,0.0032974661575841946
2018-09-11,289.05,-0.0026224077844104743,-0.002519152460487173,0.024636653668911768,0.03476050690914301,-0.011552250697118627,-0.006937033084311595,0.02070478541066767,0.02860301229791351,0.0023845007451566147,0.0026833631484795006,0.021567436208991486,0.024680073126142732,0.0020643198609300306,0.00010843634786383838,0.028663841177782867,0.06170139288592158,0.0002421726344923325
2018-09-12,289.12,0.000311386361277588,-0.0027593818984548157,0.018386755899964857,0.030841088173423126,-0.0032271077047197894,-0.012784658409908167,0.010220768601798769,0.01673295844191469,-0.002962085308056861,-0.00854197349042729,0.018456883509833544,0.032515337423312696,0.0030299751109188477,0.004551858675625908,0.02897424511545288,0.061133371493989674,0.005914499169894727
2018-09-13,290.83,0.009265685730149853,-0.0022299986276932415,0.03211725459578396,0.0347612609407244,0.015847216578626533,-0.010162333377326083,0.031353135313531455,0.0303613133672207,0.0,-0.0008849557522123686,0.01589682063587272,0.04279556650246308,0.015474515745049322,0.010444707655862917,0.04347826086956519,0.07343857240905982,0.0001719217412234908
2018-09-14,290.88,0.011404728789985885,0.001997933172580124,0.024009012180525202,0.03885714285714292,0.01848328350095141,-0.00794281175536149,0.02601314348302286,0.033227629946229076,0.004186602870813516,-0.004151838671411667,-0.0005952380952382041,0.024092711192436722,0.010588870880605228,0.00786637931034484,0.02995264838674161,0.07592315656275161,-0.005294279427942916
2018-09-17,289.34,0.004304061089899225,-0.0033412558988668017,0.015014382936925363,0.0345394736842104,0.002574176940793871,-0.021164021164021052,0.011619958988379864,0.019986216402481105,0.004461629982153603,-0.0023633677991137247,-0.004422169811320709,0.03907692307692323,0.009533095005958225,0.004419055830997998,0.02305412229662962,0.07411249423697552,0.005426142254786992
2018-09-18,290.91,0.006434872859366836,0.0037955902142783327,0.018342843140686904,0.03822269807280532,0.0004030091348736775,-0.011153897224804199,0.019578313253011848,0.021256171146461833,-0.001784121320249854,0.0005961251862891537,-0.0114840989399293,0.03579142240049382,0.0162636886045755,0.01836158192090398,0.02560455192034139,0.07809983896940431,0.001065621669932293
2018-09-19,291.22,0.007263420033204238,0.007577068124416275,0.017042676538381096,0.034125208621852865,0.0020234722784298054,-0.0012101653892698794,0.015308911973756167,0.01309328968903456,-0.012180629827688527,-0.015106635071090002,-0.011887072808320909,0.028774752475247523,0.009817671809256634,0.012877394221404659,0.024182076813655584,0.06690983699988595,0.008103839022045145
2018-09-20,293.58,0.009455695767286665,0.018808995002776108,0.02589369954921894,0.033695996619837354,0.0021333333333333204,0.0180143573073277,0.024257290814935883,0.012392241379310276,-0.010924121641570639,-0.010924121641570639,0.0017942583732057926,0.026348039215686292,0.007139812446717908,0.022724813331890692,0.03312199387844328,0.06370287000562769,-0.005415900265685614
2018-09-21,291.99,0.00381600660066006,0.015264255910987456,0.021694251023478772,0.030528693442507304,-0.004403522818254624,0.013998369122043997,0.014549904813706771,0.020656634746922142,-0.012805241215008922,-0.008672248803827776,-0.00629496402877705,0.012213740458015154,0.007911899925157728,0.018584548892490504,0.030836522689994483,0.0639954853273137,-0.003322031576423967
2018-09-24,291.02,0.005806317826778207,0.0101353696633113,0.012208271016660222,0.0341127140928148,0.013243243243243219,0.015851510635415345,0.009423801830910072,0.0435629784272793,-0.037607343796268955,-0.03331350386674592,-0.032450133968443096,0.0015408320493064398,0.013628071681510923,0.02329108438955685,0.02796822287517675,0.07389722601182358,-0.000927771287196677
2018-09-25,290.75,-0.0005499982812554594,0.005881335409098742,0.0033473669680448292,0.03857831755670649,0.005639854975157732,0.006045137023105829,-0.0009338313767341955,0.058815212780998216,-0.03276735180220436,-0.03449301219149581,-0.03190220632081098,0.0015422578655150954,0.004694334791422117,0.02103437059525093,0.021145087833441822,0.06999204635836831,-0.0029922613929492803
2018-09-26,289.88,-0.004601332326076624,0.0026286662977310638,-0.0001379690949228074,0.03039135534781212,0.004442649434571955,0.006475111290975333,-0.006392329204954139,0.05203045685279184,-0.03428571428571425,-0.04604872251931069,-0.05419734904271001,-0.028441754916792683,0.008333333333333304,0.018232819074333717,0.02286767096564435,0.0612841560778139,0.002794259693666312
2018-09-27,290.69,-0.009843994822535507,-0.0004813808754254856,-0.0027103060244271227,0.03499964395072275,-0.0014635444385311391,0.0006666666666665932,-0.009502441599577693,0.04877026271660134,-0.03850746268656713,-0.04901092412164143,-0.049852507374631205,-0.03186053501653152,0.0037033118188551928,0.010869565217391353,0.021427802304296195,0.06644182124789211,0.00010320272455199841
2018-09-28,290.72,-0.00434946402274039,-0.0005500550055004272,0.0014467791939374308,0.02949821169304867,0.00965018094089265,0.005204163330664535,-0.0027799841143766324,0.03960805961910019,-0.016289592760180938,-0.02888624181060151,-0.032918149466192204,-0.015101177891875595,0.009334889148191472,0.017320645782102018,0.02532327586206895,0.06574820788530467,0.0034741331865713043
2018-10-01,291.73,0.0024396948663323315,0.008260178336904733,0.004891323068444198,0.028667136812411842,0.009469191784475806,0.02283783783783777,0.0011904761904761862,0.04084158415841577,-0.004307692307692346,-0.04175303523837737,-0.044017725258493456,-0.03518187239117476,0.012280330298539255,0.026075759201631188,0.03061004526837685,0.06469212782540912,-0.0005827306070682603
2018-10-02,291.56,0.002785898538263165,0.002234368017599797,0.006038438977260974,0.024311410905002884,0.010815863266123715,0.01651671814153355,0.005178595140087561,0.035426070305019985,-0.006467508469356398,-0.039022937146261594,-0.0384500745156483,-0.03615177771138334,0.014229584793458594,0.01899071801984431,0.03770099956540629,0.061576080915860976,0.000548772122376251
2018-10-03,291.72,0.006347454118945883,0.0017169150470435213,0.009306992353735,0.021500105049373275,0.0176919983916366,0.02221324717285955,0.020976200080677687,0.03460961983921518,-0.006851448146994676,-0.04090225563909777,-0.05539099526066349,-0.04520958083832327,0.01006569188387374,0.018482905982905917,0.0315983118710097,0.05945765725716812,-0.007815713698066773
2018-10-04,289.44,-0.004300113522996973,-0.014101778050275904,0.004441976679622428,0.013942408743782053,-0.006528980679546881,-0.007982969664715234,0.009887579574698657,0.013181138741676923,-0.014591741695125782,-0.05253731343283585,-0.06288751107174484,-0.04368785778849049,-0.004849251528568299,-0.0011638980002116606,0.021534465966886795,0.04749223257878388,-0.005597014925373123
2018-10-05,287.82,-0.009975233902036473,-0.014281311003801589,0.0007649513212795167,0.009646753428982358,-0.02270011947431294,-0.013268998793727338,0.0005436259853222047,0.0,-0.026372278442195585,-0.042232277526395134,-0.050538277511961605,-0.045112781954887216,-0.009038360483447194,0.00021215657154982637,0.01880064829821726,0.04743390357698307,0.0
2018-10-08,287.82,-0.01340280396256821,-0.010995807848257821,-0.0009718847622354199,0.01645712671281241,-0.03831417624521061,-0.02920778874366492,-0.013819265682156856,-0.0032863206901272424,-0.006180469715698522,-0.010461538461538522,-0.04342653182629386,-0.02338293349529319,-0.014327546538381086,-0.0022231632437009763,0.021016141263135113,0.05154524154858864,-0.0014592453616844026
2018-10-09,287.4,-0.01426807518178086,-0.011521926053310483,-0.00570835495589006,0.018787663948954147,-0.03500660501981512,-0.024569368406996972,-0.018672756582482575,0.0016454134101191453,0.000309981401116044,-0.006159531875577273,-0.04044008325899495,-0.01974483596597809,-0.011517118626321987,0.0025485823510671413,0.02363656077198306,0.05297791657372297,-0.03166318719554617
2018-10-10,278.3,-0.046003016591251944,-0.03994756450945214,-0.03742390702822351,-0.01972525537160963,-0.08455156064796521,-0.06835544833132279,-0.06232294617563727,-0.052739165985281944,-0.0040765130134837735,-0.01090003114294602,-0.056446821152703386,-0.039031770045385605,-0.0330431133955732,-0.023310023310023187,-0.005502211673319546,0.023312611012433537,-0.022026590010779667
2018-10-11,272.17,-0.05966694306246534,-0.06371048195672357,-0.06416119382457097,-0.034104620626020155,-0.07953326180257525,-0.08554297135243172,-0.08493333333333342,-0.05624312431243128,-0.02867044738500313,-0.04284383731760333,-0.08975494537939177,-0.07528494301139788,-0.04989406779661021,-0.0545013704406494,-0.04422421142369992,-0.0026687423551652323,0.013888378586912387
2018-10-12,275.95,-0.04124105343617546,-0.05080489818381961,-0.051327007700770144,-0.028550306273322557,-0.03789731051344747,-0.05973715651135003,-0.05484387510008004,-0.03025739320920051,-0.029606299212598497,-0.055197792088316544,-0.08248957712924354,-0.08303571428571432,-0.034149962880475226,-0.042879663688912384,-0.026301721372821607,0.002863120801673835,-0.005616959594129445
2018-10-15,274.4,-0.046626363699534434,-0.05940424364995045,-0.051634754959563156,-0.0373956360064549,-0.04286303063607644,-0.07953494517109261,-0.058513513513513526,-0.0475734791524266,-0.036069651741293396,-0.04202719406674904,-0.0820254663902873,-0.08608490566037741,-0.04042440318302387,-0.05417276720351394,-0.029509604034767656,-0.007135799758480665,0.02186588921282806
2018-10-16,280.4,-0.02435629784272786,-0.038276855535738896,-0.0361280120999623,-0.018447859418209922,-0.017522245037645434,-0.051915455746367356,-0.03625621055458583,-0.017387732749178708,-0.02138208862720803,-0.021078735275883442,-0.05927911826035159,-0.07008244994110724,-0.015782226459061466,-0.027117579311066953,-0.008641843593299892,0.016741437794069336,0.00017831669044232612
2018-10-17,280.45,0.0077254761049225795,-0.038632935691759296,-0.03698235011331652,-0.020569951805545772,0.027765789095094195,-0.05913341235348357,-0.038233710285406564,-0.023510114816839733,-0.0085012594458439,-0.012543116964565781,-0.05293233082706772,-0.06419019316493313,0.013343458450856938,-0.020140564355397017,-0.0020299145299145227,0.02210307473465356,-0.014441076840791656
2018-10-18,276.4,0.015541756990116395,-0.045052515201769006,-0.05851897268206285,-0.03414054582940229,0.020544951187527527,-0.060622317596566444,-0.06812134113890356,-0.045516489506677416,0.02173207914369124,-0.007561436672967825,-0.05970149253731338,-0.05801435406698563,0.0296577098896198,-0.021716101694915335,-0.0228547243677919,0.009510275470048013,-0.0005426917510853446
2018-10-19,276.25,0.00108715346983157,-0.04019873532068652,-0.05390595568341383,-0.033381153994191615,-0.011577015388959389,-0.04903558815539255,-0.061653933789036275,-0.048001087843350554,0.03278156442713409,0.002204724409448744,-0.04012066365007538,-0.04616306954436444,0.004831448336444666,-0.02948350832537916,-0.02927760687387282,0.0006560962274466675,-0.004488687782805423
2018-10-22,275.01,0.002223032069970987,-0.044506983531373834,-0.05501340114081499,-0.04347674863483009,0.013205109803358761,-0.030223931858771813,-0.05854894638570285,-0.04967689822294019,0.011935483870967767,-0.024564676616915304,-0.034769230769230774,-0.06609109854123263,0.0035382574082265528,-0.03702917771883285,-0.039170019055684846,-0.012297312003482386,-0.005090723973673605
2018-10-23,273.61,-0.02421540656205412,-0.047981906750173886,-0.058950988822011996,-0.055800952446683594,-0.020203427615995584,-0.03737166324435326,-0.06102283348911752,-0.06189967982924227,-0.0003166561114629207,-0.021691973969631295,-0.027717893440098562,-0.05873583780560521,-0.028519156263452472,-0.04385128693994278,-0.04141446320484232,-0.021145087833441822,-0.030298600197361303
2018-10-24,265.32,-0.05394901051880907,-0.04664031620553366,-0.08472471367462397,-0.08485099337748347,-0.059770436730123166,-0.03366422097539923,-0.0997185363892239,-0.10547343188174196,0.014290250873293164,0.005667506297229119,-0.005294300840859467,-0.05920471281296025,-0.06551761053420391,-0.05304838359730957,-0.07512184784912046,-0.053972038582421056,0.0179406000301523
2018-10-25,270.08,-0.022865412445730815,-0.007679024139324753,-0.07090027176717473,-0.0734184163578977,-0.0079954311821816,0.012385254261984668,-0.07421718854097259,-0.0830143856407548,0.026031746031746072,0.048329549140447625,0.0034150884818380245,-0.046607669616519076,-0.042555495397942567,-0.01415988404504398,-0.06788952139995785,-0.04791644233875314,-0.017587381516587675
2018-10-26,265.33,-0.039529411764705924,-0.038485232832034755,-0.0873348926802423,-0.08601446779193944,-0.027424653620911288,-0.03868417337286456,-0.09611044736492758,-0.09862324596240402,-0.010685103708359511,0.021746186303148285,-0.03465194725544307,-0.06642941874258601,-0.044694568899573905,-0.04007906006368722,-0.08124014713610095,-0.05797413793103445,-0.005540270606414488
2018-10-29,263.86,-0.04054398021890104,-0.038411078717201064,-0.09553354128817748,-0.09110950363404635,-0.051707040657317016,-0.03918472800344486,-0.11560311798123923,-0.11455026455026451,0.020082881734140967,0.032258064516129004,-0.011124845488257096,-0.05465288035450522,-0.03437637725870435,-0.03095975232198145,-0.08345534407027821,-0.05539987066178054,0.014818464337148285
2018-10-30,267.77,-0.02134424911370214,-0.045042796005706154,-0.08159555494580883,-0.07604982574790387,-0.03740045506257106,-0.056848265291904676,-0.10581241743725234,-0.1011817819678662,0.030408615774469405,0.030082330588980355,0.008369497830130301,-0.03040238450074506,-0.018721612938960908,-0.046706844597503294,-0.07255784734582771,-0.03759235115167325,0.010680808156253496
2018-10-31,270.63,0.0200135685210312,-0.03501515421643786,-0.07229535170711654,-0.06366121163893013,0.03171058508262603,-0.029955207166853293,-0.08731726590280531,-0.06817265026220265,0.004696305572949422,0.019053667831057552,0.006271558482283002,-0.049466824644549656,0.01615305304158543,-0.05042286693073539,-0.06954788628973041,-0.04014717021967318,0.010641835716661108
2018-11-01,273.51,0.012699940758293948,-0.010455861070911676,-0.0550373134328358,-0.05083981121599124,0.0090673575129534,0.000999428897772603,-0.05968347639484983,-0.05038602194229991,-0.0034034653465346842,0.022539682539682637,0.014807813484562171,-0.04901092412164143,0.01583352182764064,-0.02739577693557116,-0.048516949152542455,-0.028027269775998342,-0.005923000987166804
2018-11-02,271.89,0.024723928692571562,-0.01578280542986432,-0.05534709193245779,-0.05462447844228102,0.00954618886767511,-0.01814026567633209,-0.06628633523499061,-0.065778744223974,0.014612452350698968,0.0037712130735387817,0.005984251968504051,-0.04485645933014348,0.02104781514527576,-0.024587476778494155,-0.05334606002757447,-0.035548352242031234,0.005516936996579513
2018-11-05,273.39,0.036117638141438535,-0.005890694883822434,-0.050135501355013545,-0.05105866018743499,0.025844039438303046,-0.02719932001699965,-0.056601181480972707,-0.06963826039832,0.014687499999999964,0.03506534905961112,0.009639303482587236,-0.03420582986317666,0.027498858968507456,-0.00782282944028212,-0.04456233421750666,-0.02448272126530171,0.0063279563992830745
2018-11-06,275.12,0.027448930051910292,0.005518804137275568,-0.04272790535838544,-0.04819235426396817,0.020830255576894663,-0.017349260523321974,-0.054072553045859006,-0.07173562600752292,0.0036889025514907914,0.03420969274627805,0.011775643012085446,-0.02914064823074647,0.02178821404380238,0.002658690594882218,-0.0413091833492214,-0.018649029599913214,0.02140883977900554
2018-11-07,281.01,0.0383549495621327,0.05913613749434643,0.009737693136902648,-0.028050636413945784,0.026406926406926434,0.05895489057614989,0.023305999136814748,-0.04046944556859566,0.028669367404175583,0.03350031308703816,0.03935768261964734,-0.019310754604872193,0.050394588500563664,0.06736166800320764,0.010739856801909253,0.005178552163124461,-0.001814882032667886
2018-11-08,280.5,0.025556652407590308,0.03858116113744092,0.030605871330418477,-0.035519031736753415,0.013692768506632369,0.022884283246977333,0.035552965175579265,-0.05240000000000011,0.027010245265445487,0.023514851485148425,0.07298086279597804,-0.023324475937407718,0.03785348474727246,0.05428636055191127,0.0393577879362248,-0.00660699062233594,-0.00976827094474153
2018-11-09,277.76,0.021589613446614475,0.04684732220254029,0.00655915926798345,-0.04510451045104513,0.016002327611289058,0.025701277720663773,-0.013977128335451061,-0.0680544435548438,0.03694427050720095,0.05209656925031747,0.07497565725413824,-0.013698630136986356,0.041339905892897155,0.06325783573552957,0.02064346107389925,-0.006201218860258706,-0.018685195852534586
2018-11-12,272.57,-0.0029993781776948003,0.033009929508072355,-0.006669096209912517,-0.05795949402087508,-0.018785495849716116,0.006573050492978849,-0.03286924070618635,-0.08945945945945954,0.02217431475207876,0.03718749999999993,0.0706451612903225,-0.01717500740302058,0.018212104386452044,0.04621177544500221,0.013821318000884597,-0.016096147655327853,-0.001871078988883501
2018-11-13,272.06,-0.011122419307938336,0.016021212234380355,-0.02974322396576312,-0.06479667251039845,-0.023733719247467477,-0.0033978431082878346,-0.06005294691375229,-0.09413186518060968,0.01868300153139346,0.02244082385490298,0.05319822672577579,-0.009234435507894045,0.005966191581040725,0.027884398284037104,-0.020124838570813597,-0.028592766456844165,-0.006836727192531145
2018-11-14,270.2,-0.03846838190811719,-0.0015888851938070658,-0.0365484043501515,-0.0721791085777077,-0.06298327006888782,-0.03823953823953807,-0.06704927211646128,-0.10271943995691968,0.007270524083611063,0.03614833281396068,0.05589075897110196,0.0,-0.030589245465278636,0.018263810597519692,-0.03307997002462271,-0.03504273504273503,0.010436713545521892
2018-11-15,273.02,-0.026666666666666727,-0.0017915249899455032,-0.012228654124457283,-0.07003201852987262,-0.038694245110454495,-0.02553130794465852,-0.02455739577384375,-0.0910058541777542,-0.002720677146311856,0.024216081962123548,0.0473015873015874,-0.01522388059701485,-0.022527354644925945,0.014473391226898391,-0.013318895506226225,-0.03586922018833982,0.0026005420848291827
2018-11-16,273.73,-0.014508928571428492,0.006767442715804206,-0.009122171945701307,-0.06253638823247365,-0.02333906071019487,-0.00771021239453018,-0.025710612769604513,-0.08577938614126801,0.010265700483091944,0.04758922980588598,0.05153991200502839,0.009351432880844612,-0.009790209790209725,0.031144969751288443,0.005791716752267417,-0.023655457727802975,-0.016914477770065384
2018-11-19,269.1,-0.012730674689070631,-0.015691868758915706,-0.021490127631722422,-0.07532128376056613,-0.02626892252894031,-0.044560943643512485,-0.07054823629409268,-0.12496665777540683,0.01084664055438389,0.03326147212811814,0.0694931463181383,0.03230769230769215,-0.008943178100119908,0.009106052193226022,0.0012119876597620483,-0.03800550497565092,-0.018506131549609894
2018-11-20,264.12,-0.02918473866058957,-0.039982553067752225,-0.034684404809765756,-0.09159071367153915,-0.04832493329380361,-0.07091172214182329,-0.08703071672354934,-0.14274268927760714,-0.004509921828021568,0.014088820826952508,0.04878048780487809,0.019710502001847985,-0.011312465678198769,-0.005413766434648193,-0.00276946936966882,-0.044069236487204066,0.0034075420263515177
2018-11-21,265.02,-0.01917098445595855,-0.056901889612469336,-0.001130710085934017,-0.08575962467227827,-0.029707426856714236,-0.09081962603683391,-0.03721899657585226,-0.1332261091006567,-0.004812030075187823,0.0024235080278705023,0.0360050093926112,0.030520087200249346,-0.008968113374667741,-0.039283031018568226,0.025432466491007055,-0.051599915236278826,-0.006678741227077123
2018-11-23,263.25,-0.035784924181378575,-0.06149732620320858,-0.02528880331753547,-0.0943960920568303,-0.06206088992974235,-0.09835373575348239,-0.07772020725388606,-0.14616922051965353,-0.0006062443164596143,-0.003325272067714602,0.02011138613861374,0.023595156783607463,-0.01624231782265151,-0.038403776013730906,0.013797783306944034,-0.05502846299810249,0.01614434947768273
2018-11-26,267.5,-0.022759653673327773,-0.03693836405529949,0.00817849470470744,-0.07987066593285641,-0.03929042662366211,-0.06171248568155785,-0.03759729769422826,-0.13009425195805124,-0.012552301255230214,-0.0024154589371979673,0.04955527318932651,0.013186139221097903,-0.016623207301173393,-0.026250672404518505,0.035346602608098854,-0.04876510772464526,0.0033644859813082295
2018-11-27,268.4,-0.002601263470828896,-0.015298822320871763,0.017206094140832073,-0.07997120625235676,0.0007620789513793635,-0.025526862570495634,-0.019121601434120117,-0.13251420266878056,-0.00983606557377048,0.0009038867128654537,0.038124999999999964,0.026576019777503124,0.006382744580169408,-0.002617515541498472,0.04347329986307624,-0.04361012340514536,0.023025335320417284
2018-11-28,274.58,0.039603210661820265,0.009262662647945286,0.02543227396646386,-0.0582384414871725,0.05856697819314638,0.007411799584939205,0.003988772344511782,-0.1022457067371203,0.011476895197825465,0.006915213469633308,0.02951122041192744,0.03812771233725987,0.0403243723616975,0.02855573860516203,0.05723639647776024,-0.01947440058632599,-0.002185155510233683
2018-11-29,273.98,0.033808769149498374,0.013989637305699576,0.012378524184310846,-0.060811737282325584,0.04066800680377303,0.009752438109527306,-0.028860028860028808,-0.11365731594890038,0.013297068600785611,0.008421052631578885,0.044873792458709705,0.051426779554719415,0.049715115629538564,0.0403011514614704,0.059301014656144124,-0.014371131857757291,0.006095335425943427
2018-11-30,275.65,0.047103513770180294,0.00963299391985939,0.007824211180578411,-0.04764372581536769,0.06023720349563044,-0.005562060889929721,-0.030951362145200445,-0.08878755364806867,0.02669093114953003,0.026068505607759862,0.05091586463831099,0.06647763074984248,0.06950022311468107,0.052129060579455766,0.06735693609441107,0.015572033898304971,0.013241429348812117
2018-12-03,279.3,0.044112149532710365,0.020348518613231947,0.027253668763102867,-0.029601834479883182,0.05966732794140084,0.018032546547427142,0.010183299389002087,-0.056778049443086176,0.029358353510895885,0.016437537358039433,0.06480901690669993,0.07118110236220465,0.05413766434648104,0.03661451542807459,0.06889984315482844,0.01187824795842607,-0.0324024346580738
2018-12-04,270.25,0.006892697466468034,0.004273504273504258,-0.011485423753612056,-0.06104509763046351,0.017514468473956768,0.018289894833104725,-0.027086063783311465,-0.08215414205247973,0.010234798314268545,0.0002980625931447989,0.033569448721897155,0.04353233830845782,0.020010934937124025,0.026521404203807553,0.035868961687951284,-0.010291777188328854,-0.0015171137835338078
2018-12-06,269.84,-0.017262728530847093,0.021656822656368258,-0.01919162547252118,-0.06109951287404314,-0.014714537963507968,0.042990654205607326,-0.030969609261939257,-0.08336755646817251,0.029561063003881616,0.04137722742373895,0.05604900459418061,0.06848466067554981,-0.0076882007474639025,0.03232614974450132,0.026737377085404912,-0.01567630547611476,-0.02323599169878443
2018-12-07,263.57,-0.037995474122198836,-0.005471285186023689,-0.062061848332799485,-0.05292849443047076,-0.04011887072808329,-0.0010824184320397112,-0.09180373963166033,-0.07063731837145748,0.012824336415150572,0.026291931097008003,0.02877915783096041,0.0692695214105794,-0.03618561089825445,0.011730532901351731,-0.028013309005044507,-0.01757431113039709,0.0018970292521911514
2018-12-10,264.07,-0.04200979502992919,0.0031149097815763582,-0.0585739750445633,-0.02976081125766994,-0.036061230497497876,0.02200374531835192,-0.07851414098775855,-0.04575258633250767,-0.0005908419497785422,0.026084319077949614,0.0226723095525998,0.09730781706130398,-0.05173672681756558,0.014167782240071425,-0.024780090109418618,0.013602408295239066,0.00022721248153900753
2018-12-11,264.13,-0.05431435732187617,-0.012598130841121491,-0.04907114055299533,-0.0428338467113607,-0.05573156682027658,0.0006104074469708287,-0.061139747995418214,-0.07426231822674012,-0.003528374007644719,0.025726392251816055,0.02324879227053156,0.0999675430055178,-0.0442301645529819,0.007512981990940082,-0.018934911242603603,0.0013176677281212523,0.005035399235225002
2018-12-12,265.46,-0.017724329324699473,-0.010953800298062588,-0.026085042374435985,-0.032580174927113736,-0.010926508007783275,0.006396588486140775,-0.01929355891956064,-0.05152863499354099,-0.009237187127532853,0.0009030704394943356,0.0018077734257306854,0.07258064516129026,-0.014043739279588352,0.005686167304537859,0.0030537681317484022,0.016917293233082775,-0.0003390341294355892
2018-12-13,265.37,-0.016565372072339102,-0.033542137082088974,-0.024590163934426257,-0.05360199714693281,-0.011499402628434852,-0.026044732195409037,-0.018825970945745563,-0.0777483628256932,-0.029002320185614883,-0.0002985965959989567,0.006614552014431618,0.06016466117796071,-0.009361885290003258,-0.01697810998398297,0.011092806150466927,-0.009255273353422244,-0.01846478501714577
2018-12-14,260.47,-0.011761581363584517,-0.049310168625447126,-0.03601036269430036,-0.07124264574790506,-0.00046439628482974893,-0.04056463595839532,-0.03120780195048778,-0.09616461366181417,-0.01590106007067138,-0.0032806441992245805,0.005112781954887291,0.061289298189901587,-0.017667844522968323,-0.05321413367390382,-0.015057573073516406,-0.04763943903222356,-0.019618382155334624
2018-12-17,255.36,-0.032983678570076,-0.07360783602394327,-0.06468390594095663,-0.07612156295224304,-0.03496717056039078,-0.06976744186046502,-0.07494145199063218,-0.09765848086807538,-0.04906887378066793,-0.04963072378138844,-0.024856016974840855,0.021269841269841328,-0.04091959080409191,-0.09053927193073963,-0.04312993854258129,-0.0558743909041689,-0.0010964912280702066
2018-12-18,255.08,-0.0342634308863059,-0.08671679197994986,-0.06813283162240169,-0.07663348416289584,-0.02851913985054122,-0.08266129032258063,-0.06611933734056574,-0.09012998143122408,-0.04131012097963993,-0.04469273743016744,-0.028989838613269536,0.02105593966059094,-0.052198705998464656,-0.0941201131956817,-0.06095176010430248,-0.055513058682111205,-0.014975693899953013
2018-12-19,251.26,-0.05349205153318759,-0.07026827012025905,-0.06629505759940557,-0.08636049598196427,-0.05508474576271183,-0.06540936985481227,-0.04831580551745163,-0.1154554469471597,-0.0318796992481204,-0.04082240762812883,-0.04053651266766023,0.026139623844437354,-0.07252364901598352,-0.08554888507718705,-0.06129635743369655,-0.06015866020273253,-0.01627795908620555
2018-12-20,247.17,-0.06858348720654184,-0.08401274829528604,-0.06417537482962299,-0.09663389495997965,-0.07357606889258195,-0.08422939068100355,-0.04485981308411213,-0.1279863481228668,-0.05017921146953397,-0.07772621809744773,-0.03956508607671394,0.0072853975292999085,-0.08646534868563993,-0.09501775529968803,-0.0657631637413908,-0.06835050404342535,-0.02617631589594205
2018-12-21,240.7,-0.0759012554228895,-0.0867701179952195,-0.09176665912006643,-0.09279360771898082,-0.08316555676010517,-0.0835913312693497,-0.08458326890366474,-0.11865416108381721,-0.07390783961699587,-0.08863368669022387,-0.06467210637654897,-0.03099561678146534,-0.07059352517985595,-0.08701413427561833,-0.0763043235392693,-0.052812464199793796,-0.026422933111757363
2018-12-24,234.34,-0.08231516290726826,-0.11258378460256746,-0.10981956315289643,-0.1323311611374407,-0.08829113924050636,-0.12017101847610323,-0.10081148564294629,-0.17069660333909042,-0.07336027354678276,-0.11882944132426843,-0.09584470730967543,-0.07766089108910901,-0.07443514164468401,-0.11230887691123081,-0.09973226238286481,-0.08731056322099073,0.05052487838183839
2018-12-26,246.18,-0.03489101458366006,-0.06795895960322562,-0.07970093457943928,-0.07217427354615003,-0.04081632653061229,-0.06817141985664166,-0.06760262475202194,-0.10265824643853727,-0.05324715297014471,-0.09235762761876654,-0.0690072639225181,-0.022871664548919868,-0.02556982529214402,-0.07643381949775196,-0.06949508341619715,-0.036604895904827295,0.00767730928588839
2018-12-27,248.07,-0.012696012099020937,-0.06550892789874174,-0.0757451564828614,-0.059842340635185454,-0.014413837283792419,-0.06870460048426152,-0.06274748705452327,-0.08066925605019415,-0.04224914569742155,-0.07278195488721806,-0.071944611679711,-0.03656250000000005,-0.0017584994138334364,-0.07415461563553327,-0.06889010388190264,-0.028411684162482853,-0.0012899584794614505
2018-12-28,247.75,0.0023465630942267612,-0.0663978595922674,-0.09771287056595523,-0.07476565709377447,0.001304631441617632,-0.07236742710379207,-0.0965273690406121,-0.0929236223962181,-0.0270440251572327,-0.07586618876941442,-0.07614213197969544,-0.04887795880725487,0.013674197384066611,-0.07397349554638277,-0.08969567538707957,-0.03759313614811466,0.00875882946518658
